Parameter,Value
MSE,0.0958904109589041
MAE,0.0958904109589041
R-SQUARED,0.017307692307692024
RMSE,0.30966176864266615
ACCURACY,0.9041095890410958
