Parameter,Value
MSE,0.0821917808219178
MAE,0.0821917808219178
R-SQUARED,0.15769230769230747
RMSE,0.28669108954049793
ACCURACY,0.9178082191780822
