Parameter,Value
MSE,0.1095890410958904
MAE,0.1095890410958904
R-SQUARED,-0.1230769230769233
RMSE,0.3310423554409472
ACCURACY,0.8904109589041096
